"TargetRelative","CurrentLines","CurrentBytes","LatestStamp","LatestLines","LatestBytes","LatestSource","LatestHistory","MaxLinesStamp","MaxLines","MaxLinesBytes","MaxLinesSource","MaxLinesHistory"
"bootloader\Doc\01.묘콘綱츠.txt","25","854","20260611093409","25","854","root\.history",".history\bootloader\Doc\01.묘콘綱츠_20260611093409.txt","20260611093409","25","854","root\.history",".history\bootloader\Doc\01.묘콘綱츠_20260611093409.txt"
"bootloader\Doc\02.錦맣션쩌.txt","7","192","20260610171714","7","192","root\.history",".history\bootloader\Doc\02.錦맣션쩌_20260610171714.txt","20210119154347","22","517","root\.history",".history\bootloader\Doc\02.錦맣션쩌_20210119154347.txt"
"bootloader\Hardware\inc\bsp_core_dwt.h","39","1462","20260611093025","39","1462","root\.history",".history\bootloader\Hardware\inc\bsp_core_dwt_20260611093025.h","20260611093025","39","1462","root\.history",".history\bootloader\Hardware\inc\bsp_core_dwt_20260611093025.h"
"bootloader\Hardware\inc\bsp_cpu_flash.h","64","3384","20260611093039","64","3384","root\.history",".history\bootloader\Hardware\inc\bsp_cpu_flash_20260611093039.h","20260611093039","64","3384","root\.history",".history\bootloader\Hardware\inc\bsp_cpu_flash_20260611093039.h"
"bootloader\Hardware\inc\bsp_fwdgt.h","27","717","20260610175301","27","717","root\.history",".history\bootloader\Hardware\inc\bsp_fwdgt_20260610175301.h","20260610175301","27","717","root\.history",".history\bootloader\Hardware\inc\bsp_fwdgt_20260610175301.h"
"bootloader\Hardware\inc\bsp_key.h","44","1459","20260611093058","44","1459","root\.history",".history\bootloader\Hardware\inc\bsp_key_20260611093058.h","20260611093058","44","1459","root\.history",".history\bootloader\Hardware\inc\bsp_key_20260611093058.h"
"bootloader\Hardware\inc\bsp_led.h","49","1175","20260612104551","49","1175","root\.history",".history\bootloader\Hardware\inc\bsp_led_20260612104551.h","20260612102215","50","1236","root\.history",".history\bootloader\Hardware\inc\bsp_led_20260612102215.h"
"bootloader\Hardware\inc\bsp_spi_flash.h","51","1506","20260611093119","51","1506","root\.history",".history\bootloader\Hardware\inc\bsp_spi_flash_20260611093119.h","20260611093119","51","1506","root\.history",".history\bootloader\Hardware\inc\bsp_spi_flash_20260611093119.h"
"bootloader\Hardware\src\bsp_core_dwt.c","95","5606","20260611092820","95","5606","root\.history",".history\bootloader\Hardware\src\bsp_core_dwt_20260611092820.c","20260611092820","95","5606","root\.history",".history\bootloader\Hardware\src\bsp_core_dwt_20260611092820.c"
"bootloader\Hardware\src\bsp_cpu_flash.c","385","12660","20260611092904","385","12660","root\.history",".history\bootloader\Hardware\src\bsp_cpu_flash_20260611092904.c","20260522142835","390","11668","root\.history",".history\bootloader\Hardware\src\bsp_cpu_flash_20260522142835.c"
"bootloader\Hardware\src\bsp_fwdgt.c","98","3113","20260611093138","98","3113","root\.history",".history\bootloader\Hardware\src\bsp_fwdgt_20260611093138.c","20260611090006","99","2891","root\.history",".history\bootloader\Hardware\src\bsp_fwdgt_20260611090006.c"
"bootloader\Hardware\src\bsp_key.c","44","1213","20260611093148","44","1213","root\.history",".history\bootloader\Hardware\src\bsp_key_20260611093148.c","20260611093148","44","1213","root\.history",".history\bootloader\Hardware\src\bsp_key_20260611093148.c"
"bootloader\Hardware\src\bsp_led.c","212","6539","20260611093210","212","6539","root\.history",".history\bootloader\Hardware\src\bsp_led_20260611093210.c","20260611093210","212","6539","root\.history",".history\bootloader\Hardware\src\bsp_led_20260611093210.c"
"bootloader\Hardware\src\bsp_spi_bus.c","501","18857","20260611093303","501","18857","root\.history",".history\bootloader\Hardware\src\bsp_spi_bus_20260611093303.c","20260611093303","501","18857","root\.history",".history\bootloader\Hardware\src\bsp_spi_bus_20260611093303.c"
"bootloader\Hardware\src\bsp_spi_flash.c","806","28036","20260611093334","806","28036","root\.history",".history\bootloader\Hardware\src\bsp_spi_flash_20260611093334.c","20260611093334","806","28036","root\.history",".history\bootloader\Hardware\src\bsp_spi_flash_20260611093334.c"
"bootloader\Hardware\src\bsp_usart5.c",,,"20260611093402","142","4840","root\.history",".history\bootloader\Hardware\src\bsp_usart5_20260611093402.c","20260611093402","142","4840","root\.history",".history\bootloader\Hardware\src\bsp_usart5_20260611093402.c"
"bootloader\HexBin.bat","80","2132","20260611101333","80","2132","root\.history",".history\bootloader\HexBin_20260611101333.bat","20260611101212","109","3027","root\.history",".history\bootloader\HexBin_20260611101212.bat"
"bootloader\readme.txt",,,"20260610165345","16","32","root\.history",".history\bootloader\readme_20260610165345.txt","20260520094208","36","1462","root\.history",".history\bootloader\readme_20260520094208.txt"
"bootloader\User\main.c","298","9938","20260622155654","298","9938","root\.history",".history\bootloader\User\main_20260622155654.c","20260622155644","299","9940","root\.history",".history\bootloader\User\main_20260622155644.c"
"bootloader\User\main.h","102","3979","20260622185917","102","3979","root\.history",".history\bootloader\User\main_20260622185917.h","20260522114023","105","4037","root\.history",".history\bootloader\User\main_20260522114023.h"
"bootloader\User\mainconfig.h",,,"20260611085834","28","584","root\.history",".history\bootloader\User\mainconfig_20260611085834.h","20260611084617","42","1254","root\.history",".history\bootloader\User\mainconfig_20260611084617.h"
"compare_two_histories.ps1","104","4190","20260629184835","104","4190","root\.history",".history\compare_two_histories_20260629184835.ps1","20260629184835","104","4190","root\.history",".history\compare_two_histories_20260629184835.ps1"
"debug-lwip-delay-stall.md",,,"20260617150832","47","1889","root\.history",".history\debug-lwip-delay-stall_20260617150832.md","20260617150832","47","1889","root\.history",".history\debug-lwip-delay-stall_20260617150832.md"
"debug-lwip-link-stall.md",,,"20260617141635","52","1756","root\.history",".history\debug-lwip-link-stall_20260617141635.md","20260617141635","52","1756","root\.history",".history\debug-lwip-link-stall_20260617141635.md"
"main\APP\Driver\inc\aht20.h","11","211","20260615095454","11","211","root\.history",".history\main\APP\Driver\inc\aht20_20260615095454.h","20260615095445","12","261","root\.history",".history\main\APP\Driver\inc\aht20_20260615095445.h"
"main\APP\Driver\inc\ATGM336H.h","31","1091","20260612153408","31","1091","root\.history",".history\main\APP\Driver\inc\ATGM336H_20260612153408.h","20260612152825","259","10169","root\.history",".history\main\APP\Driver\inc\ATGM336H_20260612152825.h"
"main\APP\Driver\inc\BL0906.h","104","4949","20260616173547","104","4949","root\.history",".history\main\APP\Driver\inc\BL0906_20260616173547.h","20260616173504","121","5649","root\.history",".history\main\APP\Driver\inc\BL0906_20260616173504.h"
"main\APP\Driver\inc\BL0910.h","116","6456","20260616161506","116","6456","root\.history",".history\main\APP\Driver\inc\BL0910_20260616161506.h","20260616161448","136","7322","root\.history",".history\main\APP\Driver\inc\BL0910_20260616161448.h"
"main\APP\Driver\inc\BL0939.h","62","3374","20260616150801","62","3374","root\.history",".history\main\APP\Driver\inc\BL0939_20260616150801.h","20260616150755","81","4114","root\.history",".history\main\APP\Driver\inc\BL0939_20260616150755.h"
"main\APP\Driver\inc\BL0942.h","58","2451","20260616162746","58","2451","root\.history",".history\main\APP\Driver\inc\BL0942_20260616162746.h","20260616161621","81","3189","root\.history",".history\main\APP\Driver\inc\BL0942_20260616161621.h"
"main\APP\Driver\inc\BL0972.h","62","2491","20260616174448","62","2491","root\.history",".history\main\APP\Driver\inc\BL0972_20260616174448.h","20260616174423","91","3408","root\.history",".history\main\APP\Driver\inc\BL0972_20260616174423.h"
"main\APP\Driver\inc\GPRS.h","150","4977","20260627161402","158","5481","main\.history","main\.history\APP\Driver\inc\GPRS_20260627161402.h","20260627161402","158","5481","main\.history","main\.history\APP\Driver\inc\GPRS_20260627161402.h"
"main\APP\Driver\inc\rs485.h","15","283","20260613112404","15","283","root\.history",".history\main\APP\Driver\inc\rs485_20260613112404.h","20260613110319","18","366","root\.history",".history\main\APP\Driver\inc\rs485_20260613110319.h"
"main\APP\Driver\src\aht20.c","210","6394","20260615133529","210","6394","root\.history",".history\main\APP\Driver\src\aht20_20260615133529.c","20260615133529","210","6394","root\.history",".history\main\APP\Driver\src\aht20_20260615133529.c"
"main\APP\Driver\src\ATGM336H.c","264","9523","20260612174149","264","9523","root\.history",".history\main\APP\Driver\src\ATGM336H_20260612174149.c","20260612104500","632","24518","root\.history",".history\main\APP\Driver\src\ATGM336H_20260612104500.c"
"main\APP\Driver\src\BL0906_SPI.c","393","11680","20260616173200","393","11680","root\.history",".history\main\APP\Driver\src\BL0906_SPI_20260616173200.c","20260616173156","394","11682","root\.history",".history\main\APP\Driver\src\BL0906_SPI_20260616173156.c"
"main\APP\Driver\src\BL0910_SPI.c","507","14932","20260616163601","507","14932","root\.history",".history\main\APP\Driver\src\BL0910_SPI_20260616163601.c","20260616143431","626","19756","root\.history",".history\main\APP\Driver\src\BL0910_SPI_20260616143431.c"
"main\APP\Driver\src\BL0939_SPI.c","348","10592","20260616152137","348","10592","root\.history",".history\main\APP\Driver\src\BL0939_SPI_20260616152137.c","20260616102614","535","17029","root\.history",".history\main\APP\Driver\src\BL0939_SPI_20260616102614.c"
"main\APP\Driver\src\BL0942_SPI.c","302","8346","20260616154326","302","8346","root\.history",".history\main\APP\Driver\src\BL0942_SPI_20260616154326.c","20260616143135","504","13925","root\.history",".history\main\APP\Driver\src\BL0942_SPI_20260616143135.c"
"main\APP\Driver\src\BL0942_UART.c","484","22663","20260616154756","484","22663","root\.history",".history\main\APP\Driver\src\BL0942_UART_20260616154756.c","20260616154756","484","22663","root\.history",".history\main\APP\Driver\src\BL0942_UART_20260616154756.c"
"main\APP\Driver\src\BL0972_SPI.c","391","11444","20260616174559","391","11444","root\.history",".history\main\APP\Driver\src\BL0972_SPI_20260616174559.c","20260616174559","391","11444","root\.history",".history\main\APP\Driver\src\BL0972_SPI_20260616174559.c"
"main\APP\Driver\src\GPRS.c","1396","45477","20260629182446","1396","45477","root\.history",".history\main\APP\Driver\src\GPRS_20260629182446.c","20260629170714","1864","69455","main\.history","main\.history\APP\Driver\src\GPRS_20260629170714.c"
"main\APP\Driver\src\rs485.c","95","2743","20260613114215","95","2743","root\.history",".history\main\APP\Driver\src\rs485_20260613114215.c","20260613110340","412","14935","root\.history",".history\main\APP\Driver\src\rs485_20260613110340.c"
"main\APP\Log\log.c","2708","80442","20260625185025","2708","80442","root\.history",".history\main\APP\Log\log_20260625185025.c","20260625181622","3065","93070","root\.history",".history\main\APP\Log\log_20260625181622.c"
"main\APP\Log\log.h","160","5600","20260625184853","160","5600","root\.history",".history\main\APP\Log\log_20260625184853.h","20260625181544","178","6092","root\.history",".history\main\APP\Log\log_20260625181544.h"
"main\APP\Log\upload.c","665","17025","20260627101819","645","16676","main\.history","main\.history\APP\Log\upload_20260627101819.c","20260625180135","720","22390","root\.history",".history\main\APP\Log\upload_20260625180135.c"
"main\APP\Log\upload.h","77","2904","20260625175917","77","2904","root\.history",".history\main\APP\Log\upload_20260625175917.h","20260625175914","78","2948","root\.history",".history\main\APP\Log\upload_20260625175914.h"
"main\APP\Log\upload_http.c","752","23941","20260629173346","0","0","main\.history","main\.history\APP\Log\upload_http_20260629173346.c","20260625120750","762","24518","root\.history",".history\main\APP\Log\upload_http_20260625120750.c"
"main\APP\Task\inc\app.h","344","13371","20260618143721","344","13371","root\.history",".history\main\APP\Task\inc\app_20260618143721.h","20260618143313","348","13440","root\.history",".history\main\APP\Task\inc\app_20260618143313.h"
"main\APP\Task\inc\det.h","95","3123","20260618094619","95","3123","root\.history",".history\main\APP\Task\inc\det_20260618094619.h","20260617160348","105","3500","root\.history",".history\main\APP\Task\inc\det_20260617160348.h"
"main\APP\Task\inc\eth.h","53","1246","20260618144457","53","1246","root\.history",".history\main\APP\Task\inc\eth_20260618144457.h","20260618144457","53","1246","root\.history",".history\main\APP\Task\inc\eth_20260618144457.h"
"main\APP\Task\inc\gprs_rx.h","24","1223","20260626154851","24","813","main\.history","main\.history\APP\Task\inc\gprs_rx_20260626154851.h","20260626154851","24","813","main\.history","main\.history\APP\Task\inc\gprs_rx_20260626154851.h"
"main\APP\Task\inc\gsm.h","30","790","20260625112814","30","790","root\.history",".history\main\APP\Task\inc\gsm_20260625112814.h","20260625112813","31","791","root\.history",".history\main\APP\Task\inc\gsm_20260625112813.h"
"main\APP\Task\src\alarm.c","601","15243","20260624171004","601","15243","root\.history",".history\main\APP\Task\src\alarm_20260624171004.c","20260624171004","601","15243","root\.history",".history\main\APP\Task\src\alarm_20260624171004.c"
"main\APP\Task\src\app.c","2404","83132","20260622171450","2404","83132","root\.history",".history\main\APP\Task\src\app_20260622171450.c","20260617164927","2868","92790","root\.history",".history\main\APP\Task\src\app_20260617164927.c"
"main\APP\Task\src\bg_job_task.c","282","6919","20260627164844","282","6919","main\.history","main\.history\APP\Task\src\bg_job_task_20260627164844.c","20260627164844","282","6919","main\.history","main\.history\APP\Task\src\bg_job_task_20260627164844.c"
"main\APP\Task\src\det.c","533","19355","20260618094436","533","19355","root\.history",".history\main\APP\Task\src\det_20260618094436.c","20260612182203","613","19658","root\.history",".history\main\APP\Task\src\det_20260612182203.c"
"main\APP\Task\src\eth.c","778","24564","20260625174523","778","24564","root\.history",".history\main\APP\Task\src\eth_20260625174523.c","20260617150806","908","27025","root\.history",".history\main\APP\Task\src\eth_20260617150806.c"
"main\APP\Task\src\gprs_rx.c","317","14148","20260627095726","191","7435","main\.history","main\.history\APP\Task\src\gprs_rx_20260627095726.c","20260627095726","191","7435","main\.history","main\.history\APP\Task\src\gprs_rx_20260627095726.c"
"main\APP\Task\src\gsm.c","469","15672","20260627111923","481","16181","main\.history","main\.history\APP\Task\src\gsm_20260627111923.c","20260618143658","553","18160","root\.history",".history\main\APP\Task\src\gsm_20260618143658.c"
"main\APP\Task\src\print.c","984","34415","20260617183134","984","34415","root\.history",".history\main\APP\Task\src\print_20260617183134.c","20260617183119","987","34421","root\.history",".history\main\APP\Task\src\print_20260617183119.c"
"main\APP\Update\inc\update.h","64","1518","20260625135928","64","1518","root\.history",".history\main\APP\Update\inc\update_20260625135928.h","20260622170953","65","1520","root\.history",".history\main\APP\Update\inc\update_20260622170953.h"
"main\APP\Update\inc\update_http.h","59","1917","20260622175528","59","1917","root\.history",".history\main\APP\Update\inc\update_http_20260622175528.h","20260622155204","73","2142","root\.history",".history\main\APP\Update\inc\update_http_20260622155204.h"
"main\APP\Update\src\update.c","135","4413","20260625174302","135","4413","root\.history",".history\main\APP\Update\src\update_20260625174302.c","20260625174302","135","4413","root\.history",".history\main\APP\Update\src\update_20260625174302.c"
"main\APP\Update\src\update_gsm.c","71","1959","20260629151940","77","2134","main\.history","main\.history\APP\Update\src\update_gsm_20260629151940.c","20260629151935","80","2193","main\.history","main\.history\APP\Update\src\update_gsm_20260629151935.c"
"main\APP\Update\src\update_http.c","1320","42686","20260629171549","1579","52677","main\.history","main\.history\APP\Update\src\update_http_20260629171549.c","20260629171549","1579","52677","main\.history","main\.history\APP\Update\src\update_http_20260629171549.c"
"main\APP\Update\src\update_lwip.c","68","1957","20260622175605","68","1957","root\.history",".history\main\APP\Update\src\update_lwip_20260622175605.c","20260622175553","69","2061","root\.history",".history\main\APP\Update\src\update_lwip_20260622175553.c"
"main\APP\USER\inc\com.h","174","8916","20260625144145","174","8916","root\.history",".history\main\APP\USER\inc\com_20260625144145.h","20260625144145","174","8916","root\.history",".history\main\APP\USER\inc\com_20260625144145.h"
"main\APP\USER\inc\error.h","69","3317","20260624155016","69","3317","root\.history",".history\main\APP\USER\inc\error_20260624155016.h","20260624155016","69","3317","root\.history",".history\main\APP\USER\inc\error_20260624155016.h"
"main\APP\USER\inc\log.h",,,"20260624161828","177","6042","root\.history",".history\main\APP\USER\inc\log_20260624161828.h","20260624161828","177","6042","root\.history",".history\main\APP\USER\inc\log_20260624161828.h"
"main\APP\USER\inc\save.h","144","5043","20260618144308","144","5043","root\.history",".history\main\APP\USER\inc\save_20260618144308.h","20260618144308","144","5043","root\.history",".history\main\APP\USER\inc\save_20260618144308.h"
"main\APP\USER\inc\start.h","22","557","20260616175410","22","557","root\.history",".history\main\APP\USER\inc\start_20260616175410.h","20260616175407","23","558","root\.history",".history\main\APP\USER\inc\start_20260616175407.h"
"main\APP\USER\src\com.c","2356","83888","20260629182459","2356","83888","root\.history",".history\main\APP\USER\src\com_20260629182459.c","20260629181217","2516","86105","root\.history",".history\main\APP\USER\src\com_20260629181217.c"
"main\APP\USER\src\error.c","185","5483","20260622150332","185","5483","root\.history",".history\main\APP\USER\src\error_20260622150332.c","20260622150332","185","5483","root\.history",".history\main\APP\USER\src\error_20260622150332.c"
"main\APP\USER\src\log.c",,,"20260624161846","3066","93131","root\.history",".history\main\APP\USER\src\log_20260624161846.c","20260624161846","3066","93131","root\.history",".history\main\APP\USER\src\log_20260624161846.c"
"main\APP\USER\src\save.c","981","31470","20260625094706","981","31470","root\.history",".history\main\APP\USER\src\save_20260625094706.c","20260623103505","1012","32555","root\.history",".history\main\APP\USER\src\save_20260623103505.c"
"main\APP\User\src\start.c","377","12316","20260627164916","376","12261","main\.history","main\.history\APP\User\src\start_20260627164916.c","20260615134010","412","13717","root\.history",".history\main\APP\USER\src\start_20260615134010.c"
"main\Doc\03.袒숭栗都.txt","100","1950","20260611155928","100","1950","root\.history",".history\main\Doc\03.袒숭栗都_20260611155928.txt","20260611155514","101","2467","root\.history",".history\main\Doc\03.袒숭栗都_20260611155514.txt"
"main\fix_dwt.py",,,"20260629163250","118","8864","main\.history","main\.history\fix_dwt_20260629163250.py","20260629162933","302","14700","main\.history","main\.history\fix_dwt_20260629162933.py"
"main\fix_garbled.py",,,"20260629153133","83","2647","main\.history","main\.history\fix_garbled_20260629153133.py","20260629152515","202","9514","main\.history","main\.history\fix_garbled_20260629152515.py"
"main\fix_gprs.py",,,"20260629160147","94","3022","main\.history","main\.history\fix_gprs_20260629160147.py","20260629160107","102","3638","main\.history","main\.history\fix_gprs_20260629160107.py"
"main\Hardware\inc\bsp_adc.h","21","374","20260615092626","21","374","root\.history",".history\main\Hardware\inc\bsp_adc_20260615092626.h","20260615090439","25","464","root\.history",".history\main\Hardware\inc\bsp_adc_20260615090439.h"
"main\Hardware\inc\bsp_cpu_flash.h","52","2882","20260623102158","52","2882","root\.history",".history\main\Hardware\inc\bsp_cpu_flash_20260623102158.h","20260623102158","52","2882","root\.history",".history\main\Hardware\inc\bsp_cpu_flash_20260623102158.h"
"main\Hardware\inc\bsp_debug.h","16","365","20260611161433","16","365","root\.history",".history\main\Hardware\inc\bsp_debug_20260611161433.h","20260611160221","17","395","root\.history",".history\main\Hardware\inc\bsp_debug_20260611160221.h"
"main\Hardware\inc\bsp_enet.h","28","717","20260617095311","28","717","root\.history",".history\main\Hardware\inc\bsp_enet_20260617095311.h","20260617095311","28","717","root\.history",".history\main\Hardware\inc\bsp_enet_20260617095311.h"
"main\Hardware\inc\bsp_hspi0.h","43","1642","20260616084648","43","1642","root\.history",".history\main\Hardware\inc\bsp_hspi0_20260616084648.h","20260615161859","53","1907","root\.history",".history\main\Hardware\inc\bsp_hspi0_20260615161859.h"
"main\Hardware\inc\bsp_hspi1.h","13","316","20260616100824","13","316","root\.history",".history\main\Hardware\inc\bsp_hspi1_20260616100824.h","20260616100812","17","379","root\.history",".history\main\Hardware\inc\bsp_hspi1_20260616100812.h"
"main\Hardware\inc\bsp_hspi2.h","13","316","20260616100841","13","316","root\.history",".history\main\Hardware\inc\bsp_hspi2_20260616100841.h","20260611111652","15","382","root\.history",".history\main\Hardware\inc\bsp_hspi2_20260611111652.h"
"main\Hardware\inc\bsp_hspi3.h","13","316","20260616102145","13","316","root\.history",".history\main\Hardware\inc\bsp_hspi3_20260616102145.h","20260616102128","15","385","root\.history",".history\main\Hardware\inc\bsp_hspi3_20260616102128.h"
"main\Hardware\inc\bsp_key.h","32","1166","20260612183427","32","1166","root\.history",".history\main\Hardware\inc\bsp_key_20260612183427.h","20260612183427","32","1166","root\.history",".history\main\Hardware\inc\bsp_key_20260612183427.h"
"main\Hardware\inc\bsp_led.h","48","1150","20260612105106","48","1150","root\.history",".history\main\Hardware\inc\bsp_led_20260612105106.h","20260612104644","50","1245","root\.history",".history\main\Hardware\inc\bsp_led_20260612104644.h"
"main\Hardware\inc\bsp_relay.h","33","751","20260612173629","33","751","root\.history",".history\main\Hardware\inc\bsp_relay_20260612173629.h","20260612173629","33","751","root\.history",".history\main\Hardware\inc\bsp_relay_20260612173629.h"
"main\Hardware\inc\bsp_siic.h","15","351","20260615094643","15","351","root\.history",".history\main\Hardware\inc\bsp_siic_20260615094643.h","20260615093953","16","348","root\.history",".history\main\Hardware\inc\bsp_siic_20260615093953.h"
"main\Hardware\inc\bsp_spi_flash.h","52","1742","20260622183443","52","1742","root\.history",".history\main\Hardware\inc\bsp_spi_flash_20260622183443.h","20260622183443","52","1742","root\.history",".history\main\Hardware\inc\bsp_spi_flash_20260622183443.h"
"main\Hardware\inc\bsp_sspi1.h","16","351","20260616110937","16","351","root\.history",".history\main\Hardware\inc\bsp_sspi1_20260616110937.h","20260616105734","17","425","root\.history",".history\main\Hardware\inc\bsp_sspi1_20260616105734.h"
"main\Hardware\inc\bsp_sspi2.h","16","351","20260616155704","16","351","root\.history",".history\main\Hardware\inc\bsp_sspi2_20260616155704.h","20260616155704","16","351","root\.history",".history\main\Hardware\inc\bsp_sspi2_20260616155704.h"
"main\Hardware\inc\bsp_sspi3.h","16","329","20260616155723","16","329","root\.history",".history\main\Hardware\inc\bsp_sspi3_20260616155723.h","20260616155723","16","329","root\.history",".history\main\Hardware\inc\bsp_sspi3_20260616155723.h"
"main\Hardware\inc\bsp_uart3.h","19","430","20260615144119","19","430","root\.history",".history\main\Hardware\inc\bsp_uart3_20260615144119.h","20260615144119","19","430","root\.history",".history\main\Hardware\inc\bsp_uart3_20260615144119.h"
"main\Hardware\inc\bsp_uart4.h","19","430","20260615152044","19","430","root\.history",".history\main\Hardware\inc\bsp_uart4_20260615152044.h","20260615152044","19","430","root\.history",".history\main\Hardware\inc\bsp_uart4_20260615152044.h"
"main\Hardware\inc\bsp_uart6.h","19","430","20260615154008","19","430","root\.history",".history\main\Hardware\inc\bsp_uart6_20260615154008.h","20260615154008","19","430","root\.history",".history\main\Hardware\inc\bsp_uart6_20260615154008.h"
"main\Hardware\inc\bsp_uart7.h","19","430","20260615154759","19","430","root\.history",".history\main\Hardware\inc\bsp_uart7_20260615154759.h","20260615154759","19","430","root\.history",".history\main\Hardware\inc\bsp_uart7_20260615154759.h"
"main\Hardware\inc\bsp_usart0.h","19","440","20260613110117","19","440","root\.history",".history\main\Hardware\inc\bsp_usart0_20260613110117.h","20260613110117","19","440","root\.history",".history\main\Hardware\inc\bsp_usart0_20260613110117.h"
"main\Hardware\inc\bsp_usart1.h","19","440","20260613110105","19","440","root\.history",".history\main\Hardware\inc\bsp_usart1_20260613110105.h","20260613110105","19","440","root\.history",".history\main\Hardware\inc\bsp_usart1_20260613110105.h"
"main\Hardware\inc\bsp_usart2.h","19","440","20260613110050","19","440","root\.history",".history\main\Hardware\inc\bsp_usart2_20260613110050.h","20260613110050","19","440","root\.history",".history\main\Hardware\inc\bsp_usart2_20260613110050.h"
"main\Hardware\inc\bsp_usart5.h","21","475","20260612165257","21","475","root\.history",".history\main\Hardware\inc\bsp_usart5_20260612165257.h","20260612140322","24","531","root\.history",".history\main\Hardware\inc\bsp_usart5_20260612140322.h"
"main\Hardware\src\aht20_drv.c",,,"20260615093157","260","7257","root\.history",".history\main\Hardware\src\aht20_drv_20260615093157.c","20260615093157","260","7257","root\.history",".history\main\Hardware\src\aht20_drv_20260615093157.c"
"main\Hardware\src\bsp_adc.c","213","7130","20260615092810","213","7130","root\.history",".history\main\Hardware\src\bsp_adc_20260615092810.c","20260615092117","236","8433","root\.history",".history\main\Hardware\src\bsp_adc_20260615092117.c"
"main\Hardware\src\bsp_debug.c","161","5496","20260611171032","161","5496","root\.history",".history\main\Hardware\src\bsp_debug_20260611171032.c","20260611160927","460","17487","root\.history",".history\main\Hardware\src\bsp_debug_20260611160927.c"
"main\Hardware\src\bsp_enet.c","233","7931","20260617105017","233","7931","root\.history",".history\main\Hardware\src\bsp_enet_20260617105017.c","20260617105017","233","7931","root\.history",".history\main\Hardware\src\bsp_enet_20260617105017.c"
"main\Hardware\src\bsp_fan.c","74","2128","20260612173821","74","2128","root\.history",".history\main\Hardware\src\bsp_fan_20260612173821.c","20260612102613","76","2180","root\.history",".history\main\Hardware\src\bsp_fan_20260612102613.c"
"main\Hardware\src\bsp_hspi0.c","441","17422","20260616094612","441","17422","root\.history",".history\main\Hardware\src\bsp_hspi0_20260616094612.c","20260616091438","544","20334","root\.history",".history\main\Hardware\src\bsp_hspi0_20260616091438.c"
"main\Hardware\src\bsp_hspi1.c","142","5050","20260616142608","142","5050","root\.history",".history\main\Hardware\src\bsp_hspi1_20260616142608.c","20260616100402","144","5390","root\.history",".history\main\Hardware\src\bsp_hspi1_20260616100402.c"
"main\Hardware\src\bsp_hspi2.c","128","5006","20260616165648","128","5006","root\.history",".history\main\Hardware\src\bsp_hspi2_20260616165648.c","20260611111652","139","5222","root\.history",".history\main\Hardware\src\bsp_hspi2_20260611111652.c"
"main\Hardware\src\bsp_hspi3.c","126","4920","20260616161239","126","4920","root\.history",".history\main\Hardware\src\bsp_hspi3_20260616161239.c","20260611111652","139","5222","root\.history",".history\main\Hardware\src\bsp_hspi3_20260611111652.c"
"main\Hardware\src\bsp_key.c","66","2211","20260625085154","66","2211","root\.history",".history\main\Hardware\src\bsp_key_20260625085154.c","20260612183405","69","2348","root\.history",".history\main\Hardware\src\bsp_key_20260612183405.c"
"main\Hardware\src\bsp_led.c","238","7568","20260612105058","238","7568","root\.history",".history\main\Hardware\src\bsp_led_20260612105058.c","20260612104706","254","8317","root\.history",".history\main\Hardware\src\bsp_led_20260612104706.c"
"main\Hardware\src\bsp_relay.c","128","4369","20260612171932","128","4369","root\.history",".history\main\Hardware\src\bsp_relay_20260612171932.c","20260612171828","130","4430","root\.history",".history\main\Hardware\src\bsp_relay_20260612171828.c"
"main\Hardware\src\bsp_rtc.c","547","18702","20260613102725","547","18702","root\.history",".history\main\Hardware\src\bsp_rtc_20260613102725.c","20260613102714","549","18708","root\.history",".history\main\Hardware\src\bsp_rtc_20260613102714.c"
"main\Hardware\src\bsp_siic.c","267","7402","20260615104125","267","7402","root\.history",".history\main\Hardware\src\bsp_siic_20260615104125.c","20260615094436","268","7645","root\.history",".history\main\Hardware\src\bsp_siic_20260615094436.c"
"main\Hardware\src\bsp_spi_bus.c","499","18856","20260616095132","499","18856","root\.history",".history\main\Hardware\src\bsp_spi_bus_20260616095132.c","20260611111652","500","18858","root\.history",".history\main\Hardware\src\bsp_spi_bus_20260611111652.c"
"main\Hardware\src\bsp_spi_flash.c","811","28076","20260622183149","811","28076","root\.history",".history\main\Hardware\src\bsp_spi_flash_20260622183149.c","20260622183134","853","29768","root\.history",".history\main\Hardware\src\bsp_spi_flash_20260622183134.c"
"main\Hardware\src\bsp_sspi1.c","195","5805","20260616110811","195","5805","root\.history",".history\main\Hardware\src\bsp_sspi1_20260616110811.c","20260616110324","216","6412","root\.history",".history\main\Hardware\src\bsp_sspi1_20260616110324.c"
"main\Hardware\src\bsp_sspi2.c","195","5843","20260616160010","195","5843","root\.history",".history\main\Hardware\src\bsp_sspi2_20260616160010.c","20260616160010","195","5843","root\.history",".history\main\Hardware\src\bsp_sspi2_20260616160010.c"
"main\Hardware\src\bsp_sspi3.c","195","5852","20260618083058","195","5852","root\.history",".history\main\Hardware\src\bsp_sspi3_20260618083058.c","20260618083058","195","5852","root\.history",".history\main\Hardware\src\bsp_sspi3_20260618083058.c"
"main\Hardware\src\bsp_timers.c","429","15260","20260618160657","429","15260","root\.history",".history\main\Hardware\src\bsp_timers_20260618160657.c","20260618160657","429","15260","root\.history",".history\main\Hardware\src\bsp_timers_20260618160657.c"
"main\Hardware\src\bsp_uart3.c","438","15972","20260618083640","438","15972","root\.history",".history\main\Hardware\src\bsp_uart3_20260618083640.c","20260615144142","478","17630","root\.history",".history\main\Hardware\src\bsp_uart3_20260615144142.c"
"main\Hardware\src\bsp_uart4.c","440","16077","20260615154632","440","16077","root\.history",".history\main\Hardware\src\bsp_uart4_20260615154632.c","20260615154632","440","16077","root\.history",".history\main\Hardware\src\bsp_uart4_20260615154632.c"
"main\Hardware\src\bsp_uart6.c","440","16093","20260615154626","440","16093","root\.history",".history\main\Hardware\src\bsp_uart6_20260615154626.c","20260615154626","440","16093","root\.history",".history\main\Hardware\src\bsp_uart6_20260615154626.c"
"main\Hardware\src\bsp_uart7.c","440","16679","20260615161108","440","16679","root\.history",".history\main\Hardware\src\bsp_uart7_20260615161108.c","20260615161108","440","16679","root\.history",".history\main\Hardware\src\bsp_uart7_20260615161108.c"
"main\Hardware\src\bsp_usart0.c","477","17535","20260615145058","477","17535","root\.history",".history\main\Hardware\src\bsp_usart0_20260615145058.c","20260615145058","477","17535","root\.history",".history\main\Hardware\src\bsp_usart0_20260615145058.c"
"main\Hardware\src\bsp_usart1.c","488","17878","20260626151320","485","17937","main\.history","main\.history\Hardware\src\bsp_usart1_20260626151320.c","20260626121515","488","17878","root\.history",".history\main\Hardware\src\bsp_usart1_20260626121515.c"
"main\Hardware\src\bsp_usart2.c","475","17489","20260613110214","475","17489","root\.history",".history\main\Hardware\src\bsp_usart2_20260613110214.c","20260613110214","475","17489","root\.history",".history\main\Hardware\src\bsp_usart2_20260613110214.c"
"main\Hardware\src\bsp_usart5.c","486","18320","20260613104645","486","18320","root\.history",".history\main\Hardware\src\bsp_usart5_20260613104645.c","20260613104645","486","18320","root\.history",".history\main\Hardware\src\bsp_usart5_20260613104645.c"
"main\Include\appconfig.h","51","2070","20260625101552","51","2070","root\.history",".history\main\Include\appconfig_20260625101552.h","20260612172925","228","7813","root\.history",".history\main\Include\appconfig_20260612172925.h"
"main\Include\bsp.h","95","2009","20260616110903","95","2009","root\.history",".history\main\Include\bsp_20260616110903.h","20260616110903","95","2009","root\.history",".history\main\Include\bsp_20260616110903.h"
"main\Include\main.h","234","8103","20260627163244","237","8328","main\.history","main\.history\Include\main_20260627163244.h","20260622181730","239","8208","root\.history",".history\main\Include\main_20260622181730.h"
"main\Include\mian.h",,,"20260617160450","208","6850","root\.history",".history\main\Include\mian_20260617160450.h","20260612173908","226","7790","root\.history",".history\main\Include\mian_20260612173908.h"
"main\Middlewares\atk_gps\gps.c",,,"20260612170319","367","13963","root\.history",".history\main\Middlewares\atk_gps\gps_20260612170319.c","20260612155118","397","15176","root\.history",".history\main\Middlewares\atk_gps\gps_20260612155118.c"
"main\Middlewares\atk_gps\gps.h",,,"20260612155345","68","2990","root\.history",".history\main\Middlewares\atk_gps\gps_20260612155345.h","20260612134027","77","3307","root\.history",".history\main\Middlewares\atk_gps\gps_20260612134027.h"
"main\Middlewares\atk_gps\gps_nmea_msg.c",,,"20260612161200","1132","36034","root\.history",".history\main\Middlewares\atk_gps\gps_nmea_msg_20260612161200.c","20260612134026","1141","36321","root\.history",".history\main\Middlewares\atk_gps\gps_nmea_msg_20260612134026.c"
"main\Middlewares\atk_gps\gps_nmea_msg.h",,,"20260612155450","215","8960","root\.history",".history\main\Middlewares\atk_gps\gps_nmea_msg_20260612155450.h","20260612134024","224","9261","root\.history",".history\main\Middlewares\atk_gps\gps_nmea_msg_20260612134024.h"
"main\Middlewares\cjson\mycJSON.c","134","3388","20260626110106","134","3388","root\.history",".history\main\Middlewares\cjson\mycJSON_20260626110106.c","20260626110106","134","3388","root\.history",".history\main\Middlewares\cjson\mycJSON_20260626110106.c"
"main\Middlewares\easybutton\ebtn_app.c","131","4276","20260613091654","131","4276","root\.history",".history\main\Middlewares\easybutton\ebtn_app_20260613091654.c","20260613091603","133","4351","root\.history",".history\main\Middlewares\easybutton\ebtn_app_20260613091603.c"
"main\Middlewares\easybutton\ebtn_APP_Event.c","193","6993","20260622141249","193","6993","root\.history",".history\main\Middlewares\easybutton\ebtn_APP_Event_20260622141249.c","20260622141223","196","6996","root\.history",".history\main\Middlewares\easybutton\ebtn_APP_Event_20260622141223.c"
"main\Middlewares\easybutton\ebtn_APP_Event.h","37","1102","20260612182633","37","1102","root\.history",".history\main\Middlewares\easybutton\ebtn_APP_Event_20260612182633.h","20260612182438","39","1124","root\.history",".history\main\Middlewares\easybutton\ebtn_APP_Event_20260612182438.h"
"main\Middlewares\easybutton\ebtn_APP_HAL.c","52","1930","20260612172207","52","1930","root\.history",".history\main\Middlewares\easybutton\ebtn_APP_HAL_20260612172207.c","20260612172207","52","1930","root\.history",".history\main\Middlewares\easybutton\ebtn_APP_HAL_20260612172207.c"
"main\Middlewares\easybutton\ebtn_APP_HAL.h","64","2222","20260612180800","64","2222","root\.history",".history\main\Middlewares\easybutton\ebtn_APP_HAL_20260612180800.h","20260612180800","64","2222","root\.history",".history\main\Middlewares\easybutton\ebtn_APP_HAL_20260612180800.h"
"main\Middlewares\easybutton\ebtn_APP_Keys.c","208","9175","20260622140818","208","9175","root\.history",".history\main\Middlewares\easybutton\ebtn_APP_Keys_20260622140818.c","20260612180638","226","9922","root\.history",".history\main\Middlewares\easybutton\ebtn_APP_Keys_20260612180638.c"
"main\Middlewares\easybutton\ebtn_APP_Keys.h","195","7074","20260612174948","195","7074","root\.history",".history\main\Middlewares\easybutton\ebtn_APP_Keys_20260612174948.h","20260612174734","198","7137","root\.history",".history\main\Middlewares\easybutton\ebtn_APP_Keys_20260612174734.h"
"main\Middlewares\FreeRTOS\portable\RVDS\ARM_CM4F\portmacro.h","248","9432","20260611141650","248","9432","root\.history",".history\main\Middlewares\FreeRTOS\portable\RVDS\ARM_CM4F\portmacro_20260611141650.h","20260611141608","265","9878","root\.history",".history\main\Middlewares\FreeRTOS\portable\RVDS\ARM_CM4F\portmacro_20260611141608.h"
"main\Middlewares\lis3dh\hal_lis3dh.c","368","9251","20260615135914","368","9251","root\.history",".history\main\Middlewares\lis3dh\hal_lis3dh_20260615135914.c","20260615135813","371","9394","root\.history",".history\main\Middlewares\lis3dh\hal_lis3dh_20260615135813.c"
"main\Middlewares\lis3dh\lis3dh_driver.c","1633","47997","20260615105115","1633","47997","root\.history",".history\main\Middlewares\lis3dh\lis3dh_driver_20260615105115.c","20260611111652","1635","47999","root\.history",".history\main\Middlewares\lis3dh\lis3dh_driver_20260611111652.c"
"main\Middlewares\lis3dh\lis3dh_iic.c","341","9484","20260615133749","341","9484","root\.history",".history\main\Middlewares\lis3dh\lis3dh_iic_20260615133749.c","20260615104433","350","9590","root\.history",".history\main\Middlewares\lis3dh\lis3dh_iic_20260615104433.c"
"main\Middlewares\lis3dh\lis3dh_iic.h","15","332","20260615105055","15","332","root\.history",".history\main\Middlewares\lis3dh\lis3dh_iic_20260615105055.h","20260611111652","16","333","root\.history",".history\main\Middlewares\lis3dh\lis3dh_iic_20260611111652.h"
"main\Middlewares\lis3dh\lis3dh_spi.c","90","3226","20260615110612","90","3226","root\.history",".history\main\Middlewares\lis3dh\lis3dh_spi_20260615110612.c","20260615104801","100","3353","root\.history",".history\main\Middlewares\lis3dh\lis3dh_spi_20260615104801.c"
"main\Middlewares\lis3dh\lis3dh_spi.h","10","243","20260615105107","10","243","root\.history",".history\main\Middlewares\lis3dh\lis3dh_spi_20260615105107.h","20260615105103","11","244","root\.history",".history\main\Middlewares\lis3dh\lis3dh_spi_20260615105103.h"
"main\Middlewares\littlefs\lfs_port.c","217","6509","20260622184015","217","6509","root\.history",".history\main\Middlewares\littlefs\lfs_port_20260622184015.c","20260617103548","232","6675","root\.history",".history\main\Middlewares\littlefs\lfs_port_20260617103548.c"
"main\Middlewares\lwip\arch\ethernetif.c","316","10867","20260627164846","317","10886","main\.history","main\.history\Middlewares\lwip\arch\ethernetif_20260627164846.c","20260627164846","317","10886","main\.history","main\.history\Middlewares\lwip\arch\ethernetif_20260627164846.c"
"main\Middlewares\lwip\arch\lwip_comm.c","421","14882","20260623112416","421","14882","root\.history",".history\main\Middlewares\lwip\arch\lwip_comm_20260623112416.c","20260617150217","509","17489","root\.history",".history\main\Middlewares\lwip\arch\lwip_comm_20260617150217.c"
"main\Middlewares\lwip\arch\lwip_comm.h","94","3312","20260623110547","94","3312","root\.history",".history\main\Middlewares\lwip\arch\lwip_comm_20260623110547.h","20260623110547","94","3312","root\.history",".history\main\Middlewares\lwip\arch\lwip_comm_20260623110547.h"
"main\Middlewares\lwip\arch\lwipopts.h","226","8193","20260627164846","224","8077","main\.history","main\.history\Middlewares\lwip\arch\lwipopts_20260627164846.h","20260627164846","224","8077","main\.history","main\.history\Middlewares\lwip\arch\lwipopts_20260627164846.h"
"main\Middlewares\lwip\lwip_app\onvif\onvif.c","1129","43020","20260617142005","1129","43020","root\.history",".history\main\Middlewares\lwip\lwip_app\onvif\onvif_20260617142005.c","20260617142005","1129","43020","root\.history",".history\main\Middlewares\lwip\lwip_app\onvif\onvif_20260617142005.c"
"main\Middlewares\lwip\lwip_app\onvif\onvif_tcp.c","298","9907","20260617142004","298","9907","root\.history",".history\main\Middlewares\lwip\lwip_app\onvif\onvif_tcp_20260617142004.c","20260617142004","298","9907","root\.history",".history\main\Middlewares\lwip\lwip_app\onvif\onvif_tcp_20260617142004.c"
"main\Middlewares\lwip\lwip_app\ping\lwip_ping_multi.c","605","16735","20260618162657","605","16735","root\.history",".history\main\Middlewares\lwip\lwip_app\ping\lwip_ping_multi_20260618162657.c","20260618162657","605","16735","root\.history",".history\main\Middlewares\lwip\lwip_app\ping\lwip_ping_multi_20260618162657.c"
"main\Middlewares\lwip\lwip_app\rtsp_client\rtsp_task.c","391","12514","20260617142038","391","12514","root\.history",".history\main\Middlewares\lwip\lwip_app\rtsp_client\rtsp_task_20260617142038.c","20260617142038","391","12514","root\.history",".history\main\Middlewares\lwip\lwip_app\rtsp_client\rtsp_task_20260617142038.c"
"main\Middlewares\lwip\lwip_app\snmp_udp\snmp_udp.c","897","33513","20260617142005","897","33513","root\.history",".history\main\Middlewares\lwip\lwip_app\snmp_udp\snmp_udp_20260617142005.c","20260617142005","897","33513","root\.history",".history\main\Middlewares\lwip\lwip_app\snmp_udp\snmp_udp_20260617142005.c"
"main\Middlewares\lwip\lwip_app\tcp_client\tcp_client.c","247","8264","20260622170717","247","8264","root\.history",".history\main\Middlewares\lwip\lwip_app\tcp_client\tcp_client_20260622170717.c","20260622170634","248","8339","root\.history",".history\main\Middlewares\lwip\lwip_app\tcp_client\tcp_client_20260622170634.c"
"main\Middlewares\lwip\lwip_app\udp_multicast\udp_multicast.c","241","9401","20260617142034","241","9401","root\.history",".history\main\Middlewares\lwip\lwip_app\udp_multicast\udp_multicast_20260617142034.c","20260617142034","241","9401","root\.history",".history\main\Middlewares\lwip\lwip_app\udp_multicast\udp_multicast_20260617142034.c"
"main\Middlewares\lwip\lwip_app\web_server\httpd.h","237","11031","20260622153641","237","11031","root\.history",".history\main\Middlewares\lwip\lwip_app\web_server\httpd_20260622153641.h","20260622153641","237","11031","root\.history",".history\main\Middlewares\lwip\lwip_app\web_server\httpd_20260622153641.h"
"main\Middlewares\lwip\lwip_app\web_server\httpd_cgi.c","1288","41135","20260626090937","1288","41135","root\.history",".history\main\Middlewares\lwip\lwip_app\web_server\httpd_cgi_20260626090937.c","20260618084057","1396","43041","root\.history",".history\main\Middlewares\lwip\lwip_app\web_server\httpd_cgi_20260618084057.c"
"main\Middlewares\lwip\lwip_app\web_server\httpd_cgi_ssi.c","301","7820","20260622102406","301","7820","root\.history",".history\main\Middlewares\lwip\lwip_app\web_server\httpd_cgi_ssi_20260622102406.c","20260617180132","302","8073","root\.history",".history\main\Middlewares\lwip\lwip_app\web_server\httpd_cgi_ssi_20260617180132.c"
"main\Middlewares\lwip\lwip_app\web_server\httpd_cgi_ssi.h","55","3319","20260622100533","55","3319","root\.history",".history\main\Middlewares\lwip\lwip_app\web_server\httpd_cgi_ssi_20260622100533.h","20260618091652","61","3408","root\.history",".history\main\Middlewares\lwip\lwip_app\web_server\httpd_cgi_ssi_20260618091652.h"
"main\Middlewares\lwip\lwip_app\web_server\httpd_ssi.c","658","24121","20260618110055","658","24121","root\.history",".history\main\Middlewares\lwip\lwip_app\web_server\httpd_ssi_20260618110055.c","20260618103451","767","26325","root\.history",".history\main\Middlewares\lwip\lwip_app\web_server\httpd_ssi_20260618103451.c"
"main\Middlewares\lwip\lwip_app\web_server\makefsdata-4g\fs\index.shtml","876","32913","20260625141514","876","32913","root\.history",".history\main\Middlewares\lwip\lwip_app\web_server\makefsdata-4g\fs\index_20260625141514.shtml","20260625141514","876","32913","root\.history",".history\main\Middlewares\lwip\lwip_app\web_server\makefsdata-4g\fs\index_20260625141514.shtml"
"main\Middlewares\sfud\inc\sfud_cfg.h","51","1966","20260615163658","51","1966","root\.history",".history\main\Middlewares\sfud\inc\sfud_cfg_20260615163658.h","20260615163648","53","1967","root\.history",".history\main\Middlewares\sfud\inc\sfud_cfg_20260615163648.h"
"main\Middlewares\sfud\port\sfud_port.c","124","3808","20260615164011","124","3808","root\.history",".history\main\Middlewares\sfud\port\sfud_port_20260615164011.c","20260615164011","124","3808","root\.history",".history\main\Middlewares\sfud\port\sfud_port_20260615164011.c"
"main\Middlewares\tool\inc\convert.h","14","400","20260625181142","14","400","root\.history",".history\main\Middlewares\tool\inc\convert_20260625181142.h","20260618104546","19","474","root\.history",".history\main\Middlewares\tool\inc\convert_20260618104546.h"
"main\Middlewares\tool\src\convert.c","290","7645","20260625181156","290","7645","root\.history",".history\main\Middlewares\tool\src\convert_20260625181156.c","20260625181156","290","7645","root\.history",".history\main\Middlewares\tool\src\convert_20260625181156.c"
"main\Projects\MDK-ARM\atk_f460.uvprojx","1487","55264","20260625142240","1487","55264","root\.history",".history\main\Projects\MDK-ARM\atk_f460_20260625142240.uvprojx","20260625142240","1487","55264","root\.history",".history\main\Projects\MDK-ARM\atk_f460_20260625142240.uvprojx"
"main\User\main.c","112","3695","20260611170753","112","3695","root\.history",".history\main\User\main_20260611170753.c","20260611170753","112","3695","root\.history",".history\main\User\main_20260611170753.c"
"restore_from_latest_history.ps1","75","2894","20260629184340","75","2894","root\.history",".history\restore_from_latest_history_20260629184340.ps1","20260629184340","75","2894","root\.history",".history\restore_from_latest_history_20260629184340.ps1"
